Q,PSNR,CR,BPP,MSE,Entropy
2,40.665108981416424,0.8704324287081594,9.190834045410156,5.579168319702148,0.9949421908993759
2,40.5484214105078,0.6258561625950169,12.782489776611328,5.73110294342041,0.9960859622497741
2,40.573860097413345,0.6587411950401671,12.14437484741211,5.697631359100342,0.9953982179921592
2,41.05844660622603,1.9050816663941426,4.1992950439453125,5.096073150634766,0.996311454158354
2,40.548969467808185,0.6028318683788879,13.270698547363281,5.730379104614258,0.996857198008976
2,40.626452755435395,0.7154099458995518,11.18239974975586,5.629048824310303,0.9922210544515031
2,40.59773746940036,0.6324526156707655,12.649168968200684,5.666391849517822,0.9966517930035717
2,40.80656797517549,0.5941831784682716,13.463861465454102,5.400370121002197,0.9973259619296599
2,40.819901121732805,0.641554057412938,12.469720840454102,5.383816719055176,0.9959744498608643
2,40.64264522561376,0.7981864933949812,10.022720336914062,5.6081013679504395,0.9938913644341976
2,49.95299718803093,1.4895579575925815,5.370720863342285,0.6573257446289062,0.9973938195368686
2,40.72854195465847,0.5963213026102734,13.415586471557617,5.498271465301514,0.9973877559011368
2,49.832300976470606,1.2651371099292492,6.32342529296875,0.6758499145507812,0.9979204325926248
2,49.8320007042186,1.599410922528953,5.0018415451049805,0.6758966445922852,0.9960360241082066
2,49.83340419564055,1.5511869381330596,5.157341003417969,0.6756782531738281,0.9960175568973313
2,49.832766745937505,1.4928399417144134,5.358913421630859,0.6757774353027344,0.9969475798317616
2,40.809364720107446,0.9492807580659252,8.427433013916016,5.396894931793213,0.9943085465073169
2,40.72954696588834,0.6507118836759175,12.294227600097656,5.496999740600586,0.9958323804265519
2,50.584077826469255,1.9515162005049194,4.099376678466797,0.5684242248535156,0.9922868785582049
2,40.56441737306477,0.6504495127099851,12.299186706542969,5.710032939910889,0.9965251308944869
2,41.13547097590069,1.4084373858288024,5.6800537109375,5.006488800048828,0.9930512519250633
2,40.87374122131613,0.876715260846736,9.124969482421875,5.317484378814697,0.9954668099966134
2,41.29523195912769,0.8277856897003609,9.664337158203125,4.82566499710083,0.9941546340247426
2,49.8466893253899,1.0592917958063772,7.552215576171875,0.673614501953125,0.9977423453926648
2,40.571229799732116,0.7260837949721909,11.018012046813965,5.701083660125732,0.992777827721025
2,49.85215267602695,1.474364301175961,5.426067352294922,0.6727676391601562,0.9972868773333861
2,40.72628272715004,0.7005332869908087,11.41987133026123,5.501132011413574,0.9946163435352238
2,41.0108387618738,1.4727191011235956,5.43212890625,5.152244567871094,0.9962520338215501
2,40.765128427782756,0.6243411698299247,12.813507080078125,5.452146530151367,0.9972993313881192
2,40.670167199784046,0.6744915849443613,11.860785484313965,5.57267427444458,0.9944229880113613
2,40.66175507848287,0.6630532829192212,12.06539535522461,5.583479404449463,0.9951786888937979
2,49.94599621430971,1.7044473342002602,4.693603515625,0.65838623046875,0.9965286198676783
2,49.809271025016415,1.9229817719675804,4.160205841064453,0.679443359375,0.9981518993224627
2,40.69204919205062,0.6030634668948767,13.265602111816406,5.544666290283203,0.9970996970215693
2,49.9678928678986,1.8944051800141641,4.22296142578125,0.6550750732421875,0.9962672280673428
2,40.89522616629873,0.9655484857134965,8.285446166992188,5.291243553161621,0.995522796310756
2,49.81915747521319,1.2657395710799773,6.320415496826172,0.6778984069824219,0.997809541214425
2,40.666408464936,0.7148309165653041,11.191457748413086,5.577497959136963,0.994858894994752
2,40.693977567085085,0.6660274706097378,12.011516571044922,5.542206287384033,0.9945046608576714
2,40.78147162187547,0.5938217425083044,13.47205638885498,5.431667327880859,0.9972103430030212
2,49.824219254284586,1.287187003606563,6.2151031494140625,0.6771087646484375,0.9968769464538851
2,40.77802266592138,0.7299547614000611,10.959583282470703,5.435983180999756,0.9951169367520258
2,40.7185512062479,0.5643757506635712,14.17495346069336,5.510934352874756,0.9978674484564023
2,40.82913001660082,0.8047864630682745,9.94052505493164,5.372387409210205,0.9963864205333504
2,40.709124746351,0.6122995554069767,13.065500259399414,5.522908687591553,0.9974718436818778
2,49.81559087616259,1.3289069217915435,6.019985198974609,0.6784553527832031,0.9970691557565494
2,40.61933907205896,0.4957376659091673,16.137567407407406,5.638279438018799,0.9971451681196127
2,49.81932855014271,1.203188073868213,6.6490020751953125,0.6778717041015625,0.9978272353337194
2,49.81976848805069,1.4685835533364613,5.447425842285156,0.6778030395507812,0.9969222533553984
2,40.65012350967827,0.7899233873166219,10.127564430236816,5.598454475402832,0.9957901003695999
2,49.86105147430148,1.4876108799818406,5.377750396728516,0.6713905334472656,0.9968251602277182
2,40.72408407088013,0.540355609126272,14.805065155029297,5.503917694091797,0.9978456493224621
2,50.63913144340691,2.465995945570936,3.2441253662109375,0.5612640380859375,0.9973050844611643
2,40.71458225613461,0.6830133982404153,11.712800979614258,5.51597261428833,0.9944677867334097
2,40.593972802451276,0.6366073382726273,12.56661605834961,5.6713056564331055,0.9961913855428967
2,49.820990771678055,1.2963171067458619,6.171329498291016,0.6776123046875,0.9976069056533317
2,40.74584248051639,0.5577012778065872,14.344596862792969,5.47641134262085,0.9975349997898088
2,40.694876035843244,0.935906644611753,8.547861099243164,5.5410590171813965,0.992139236810767
2,40.71135118889764,0.5417075543999507,14.768115997314453,5.520078659057617,0.9980031109296332
2,40.56818330593356,0.7334452132179141,10.907426834106445,5.705085754394531,0.9938065542566219
2,40.8889289234548,0.6604294149120263,12.113330841064453,5.298922061920166,0.9955267097496989
2,49.838433521220054,1.1780329903972273,6.790981292724609,0.674896240234375,0.9979909894892005
2,49.817819657299665,1.3464013179267051,5.941764831542969,0.6781072616577148,0.9971086136884009
2,40.734791816967125,0.6769813565196899,11.817164421081543,5.4903645515441895,0.9950963146154985
2,49.83595493050223,1.2955339134087616,6.175060272216797,0.6752815246582031,0.9983485419757643
2,49.82754808180333,1.4210185735416982,5.629764556884766,0.6765899658203125,0.9977204369106842
2,40.61922830702248,0.6074784533856359,13.169191360473633,5.638421058654785,0.997590975747478
2,40.6505872190823,0.7083184229658219,11.294355392456055,5.5978546142578125,0.9937555403965928
2,40.859965803674655,0.7189256046490581,11.127716064453125,5.334377765655518,0.9948004296993
2,40.67160661556648,0.7863946708279691,10.173008918762207,5.570827007293701,0.9958634348716697
2,40.68255639954451,0.6736041473277808,11.876411437988281,5.556799411773682,0.9951303007296792
2,49.82577932449545,1.294182970446848,6.181506156921387,0.6768655776977539,0.9976278435678246
2,51.78153837995248,42.71446320549117,0.18729019165039062,0.4314460754394531,0.9942172022646616
2,49.849051012031154,1.4168576955064476,5.646297454833984,0.673248291015625,0.9962637121904385
2,40.71197944626476,0.7388449804547919,10.82771110534668,5.519279479980469,0.9954178424318864
2,40.6953510261427,0.49893155022047037,16.034263610839844,5.5404534339904785,0.9971317614312153
2,40.643746531913116,0.7801274971477377,10.25473403930664,5.606678009033203,0.9926566256079723
5,39.47633332245978,1.7308196863374605,4.622087478637695,7.33579158782959,0.993690496263501
5,38.79591857777981,1.1035324687078871,7.249446868896484,8.580024719238281,0.9936672187433827
5,38.867432071727535,1.2041428238404146,6.643730163574219,8.439897537231445,0.9931218441744973
5,40.46675776269915,3.776638045294762,2.1182861328125,5.839888095855713,0.9956233110788633
5,38.6754970519319,1.0215145473683902,7.831508636474609,8.821259498596191,0.9937994308947107
5,38.90847327078384,1.4292825616993667,5.5972137451171875,8.360514640808105,0.9931780038868985
5,38.74369149547843,1.0872921634444082,7.357728004455566,8.683830261230469,0.9941909693145754
5,38.78804675620683,0.9681624816217693,8.263075828552246,8.595590591430664,0.9935493650252618
5,38.91257275799585,1.116437539394559,7.1656494140625,8.352627754211426,0.9936559101035465
5,39.274652822036025,1.6994142834453227,4.7075042724609375,7.68449068069458,0.9931969541261296
5,44.33411233426155,2.085410616874343,3.836174964904785,2.397006034851074,0.9966503850611055
5,38.605369770157935,0.9506438762879027,8.415349006652832,8.964855194091797,0.9931520457143681
5,44.177058627709684,1.7476441431080978,4.5775909423828125,2.4852752685546875,0.99647523555296
5,44.1748693754939,2.282954224751276,3.5042314529418945,2.4865283966064453,0.9978274427427221
5,44.21712598712912,2.237119626555043,3.5760269165039062,2.462451934814453,0.9970863599793363
5,44.24159672953409,2.1344884723584947,3.7479705810546875,2.4486160278320312,0.9977218662812268
5,39.519203239714656,1.9662416004815395,4.068675994873047,7.263737201690674,0.9934792380237747
5,38.88490255428947,1.1557071649201893,6.922168731689453,8.406013488769531,0.9944924750506126
5,47.83950705796779,2.3810384526301926,3.3598785400390625,1.0693740844726562,0.993394407817464
5,38.604592444502586,1.1249837728695253,7.111213684082031,8.966462135314941,0.9934483648816925
5,40.13056537891507,3.504013366750209,2.2830963134765625,6.3099188804626465,0.9930631792180318
5,39.631960312787974,1.7114131641140142,4.67449951171875,7.077572822570801,0.9949789260934062
5,39.982684098833516,1.6338863888507997,4.89630126953125,6.528478145599365,0.9933369899858103
5,44.2168905185853,1.39548897796658,5.732757568359375,2.46258544921875,0.9961323412289698
5,38.61438398067249,1.3601151312056026,5.881855010986328,8.946270942687988,0.9908559476682511
5,44.18976940821792,2.096854246696969,3.8152389526367188,2.4780120849609375,0.9979666222672905
5,39.0446486726395,1.2834689461430406,6.233107566833496,8.102432250976562,0.9941896347980854
5,40.39185608530925,2.7447909031893283,2.91461181640625,5.941481590270996,0.9960119947358335
5,39.02898893118777,1.0057472587340683,7.95428466796875,8.131702423095703,0.9946876515173314
5,38.733607676608884,1.1920036956825397,6.71138858795166,8.70401382446289,0.9940959374206497
5,38.82298573862098,1.171116834729111,6.831086158752441,8.526717185974121,0.9927553703706187
5,45.37011574449824,2.6636454623509507,3.0034027099609375,1.8882904052734375,0.9949919172289511
5,44.5527946579837,3.1624383241045684,2.529693603515625,2.279296875,0.9917031078072185
5,38.73987386867157,0.9283779751759895,8.617179870605469,8.691465377807617,0.9931857022458381
5,45.32389779936163,3.283099447064054,2.4367218017578125,1.9084930419921875,0.9953482884862666
5,39.59937136018814,1.93030955429373,4.144412994384766,7.130881309509277,0.9952771374785987
5,44.18950199209391,1.747182591091431,4.578800201416016,2.4781646728515625,0.9964094123095293
5,39.032184154840024,1.3236485301986323,6.043900489807129,8.12572193145752,0.9928924615248531
5,38.77356362269129,1.2177380862516476,6.569557189941406,8.62430191040039,0.9940511488485791
5,38.7558399429516,0.9643533558570391,8.295714378356934,8.659571647644043,0.9935728585291916
5,44.18172738554751,1.7976985640026881,4.45013427734375,2.48260498046875,0.9973070287296182
5,39.26792639361311,1.4152427535645067,5.652740478515625,7.696402549743652,0.9943483665195745
5,38.6806511514881,0.8917948909852322,8.970672607421875,8.810798645019531,0.9940184916471575
5,39.46910675574165,1.4461830637136421,5.531803131103516,7.3480095863342285,0.9952795952375348
5,38.583813516907945,0.9833458743436484,8.135489463806152,9.009465217590332,0.9922044824742393
5,44.209335394864624,1.8479568647458824,4.329105377197266,2.4668731689453125,0.9956198892917982
5,38.4509777518067,0.6963046476220526,11.489223901234569,9.289290428161621,0.9962418996152058
5,44.23163526904482,1.686176764769259,4.7444610595703125,2.4542388916015625,0.9957734329513677
5,44.2806894368481,2.116174290699094,3.780406951904297,2.4266738891601562,0.9953559888456021
5,39.3220090011226,1.5134370952485163,5.285981178283691,7.601152420043945,0.9940375087631181
5,44.3443171180122,2.172100321596694,3.6830711364746094,2.3913803100585938,0.9952060986186264
5,38.67241609399911,0.8254664511766275,9.691490173339844,8.827520370483398,0.9942072899148753
5,47.52626916793274,3.2371249868795573,2.4713287353515625,1.14935302734375,0.9950217752044433
5,38.9504188337145,1.267422088955462,6.31202507019043,8.280155181884766,0.9947653944291848
5,38.4954227733469,1.0317926035623046,7.753496170043945,9.194711685180664,0.9921314512621555
5,44.16099647310823,1.7932238665329328,4.461238861083984,2.4944839477539062,0.9960126561626181
5,38.75441649776646,0.8660549246334917,9.237289428710938,8.662409782409668,0.993472316010013
5,39.49304068040053,2.1923464220797295,3.6490583419799805,7.307624816894531,0.9930867438819464
5,38.74915931733737,0.8214255498491224,9.739166259765625,8.67290210723877,0.9936868829714363
5,38.94965064994056,1.4753867640947,5.422307014465332,8.281620979309082,0.9949085669729709
5,38.905729829823386,1.1422682703379279,7.003608703613281,8.365798950195312,0.9931398915153693
5,44.24140052371256,1.5874995552749687,5.039371490478516,2.4487266540527344,0.9964245671880801
5,44.16516599122463,1.8521688654609896,4.319260597229004,2.4920902252197266,0.9954936723650751
5,38.964218616099345,1.2307425058965136,6.500141143798828,8.253887176513672,0.9947538120761662
5,44.53937599333329,1.8164583275589679,4.4041748046875,2.2863502502441406,0.9978372099367327
5,44.23358656416852,2.0182796495742865,3.9637718200683594,2.453136444091797,0.9944242726243309
5,38.60596798881395,0.9878278006974586,8.098577499389648,8.963624000549316,0.9933466783851403
5,38.77122262461097,1.377588806407787,5.807248115539551,8.628952026367188,0.9940033880661459
5,39.24407566841217,1.422411290563253,5.6242523193359375,7.738785743713379,0.9941322716505357
5,39.31628509080032,1.4791138796348116,5.40864372253418,7.61117696762085,0.9938320654772552
5,38.81261736334194,1.2628774658048167,6.334739685058594,8.547097206115723,0.9939597481384073
5,44.174266442016744,1.7708390462396568,4.517632484436035,2.4868736267089844,0.9960250583322154
5,50.53801078516187,53.07498797863994,0.15073013305664062,0.5744857788085938,0.9938528017393984
5,44.21043692527495,2.008554654203101,3.9829635620117188,2.46624755859375,0.9975917516789815
5,39.12323231657573,1.3674693364619182,5.850222587585449,7.957141399383545,0.9927553112002934
5,38.501362754335595,0.7098325498776076,11.270263671875,9.182144165039062,0.995100262420914
5,39.031840478784275,1.6453622604242366,4.862151145935059,8.126365661621094,0.9912880355180814
10,37.75986682992724,3.2279321336824234,2.4783668518066406,10.891651153564453,0.9940259872797972
10,36.346265117507656,1.9423685360956129,4.118682861328125,15.081825256347656,0.9944133166455653
10,36.85847120234639,2.3681567545166184,3.378154754638672,13.403964042663574,0.993891702316647
10,39.343711538652755,6.158674967696464,1.298980712890625,7.563263416290283,0.9948108815779046
10,36.13029392446065,1.8105821156461117,4.418468475341797,15.850791931152344,0.9943554571881806
10,36.73488000440016,3.0031948698781483,2.663829803466797,13.790894508361816,0.9903025984674019
10,36.19680687169113,1.925388125338548,4.155006408691406,15.609889030456543,0.9948349734135211
10,35.983721744031214,1.658082934111793,4.8248491287231445,16.394878387451172,0.9948953673075229
10,36.20004715001877,1.9391258477281648,4.125570297241211,15.598244667053223,0.9956635505522629
10,37.44971817409605,3.2639888437881317,2.45098876953125,11.697916984558105,0.9922448872606731
10,39.160556256563545,3.091364044750037,2.5878543853759766,7.889050483703613,0.9937635032914107
10,35.77975793390147,1.7350228103388117,4.6108903884887695,17.1832218170166,0.9962835835347416
10,38.83195469790264,2.366425151572255,3.380626678466797,8.509124755859375,0.9967802891764803
10,38.913609311618494,3.343916052583534,2.392404556274414,8.35063362121582,0.9854320749780856
10,39.284218486696155,3.496319710845141,2.2881202697753906,7.667583465576172,0.9877486072931843
10,39.18734706775268,3.268964700234126,2.4472579956054688,7.840534210205078,0.991298840572054
10,38.07148316515512,3.828694321820698,2.0894851684570312,10.137528419494629,0.9933467865227866
10,36.360474581932266,2.0186157361686234,3.9631118774414062,15.032557487487793,0.9964425576456166
10,43.14477274201407,2.8609205030053175,2.7963027954101562,3.1521224975585938,0.9910127552810679
10,36.291173626127716,2.4004761686735954,3.332672119140625,15.274360656738281,0.9923627823980022
10,39.23948601408709,6.712862666769097,1.191741943359375,7.746967792510986,0.992670662996838
10,37.87588463690434,2.9097690113329855,2.749359130859375,10.604541778564453,0.993810842742619
10,38.18595151166368,3.00704891799969,2.6604156494140625,9.873820304870605,0.9935355057229902
10,38.76358077415767,1.8422572824062686,4.342498779296875,8.644149780273438,0.9965033678970039
10,36.45323902566381,3.348411535774873,2.389192581176758,14.71486759185791,0.9877329470450164
10,39.08355597574462,3.1771660581453482,2.5179672241210938,8.030170440673828,0.9912283273613565
10,36.61097120433802,2.2271620265068295,3.592015266418457,14.190028190612793,0.9945798363112486
10,38.787476866930746,4.484697107077481,1.783843994140625,8.596717834472656,0.9950507509006077
10,36.60594371819371,1.6743407711149647,4.7779998779296875,14.206463813781738,0.9944563483624813
10,36.169717843015,2.3930707536485407,3.342985153198242,15.707552909851074,0.9911426092373846
10,36.454647930570694,2.1620368890781236,3.700214385986328,14.710097312927246,0.9928323731542006
10,41.46905338745999,4.415763364243542,1.8116912841796875,4.6363372802734375,0.9965101972532655
10,41.2705430915105,7.391781864835715,1.0822830200195312,4.853176116943359,0.9924146494506818
10,35.9765955160379,1.6025308524051503,4.992103576660156,16.421802520751953,0.9939252521980656
10,42.04254363821291,6.65382321213275,1.2023162841796875,4.06280517578125,0.9949161560881239
10,37.86280080845902,3.490988509038125,2.291614532470703,10.6365385055542,0.9939019115467681
10,38.77728852956247,2.3554189803583303,3.39642333984375,8.61690902709961,0.9965844333100189
10,36.95271449257596,2.6189838841761213,3.054619789123535,13.116227149963379,0.9933763402406541
10,36.194934622007196,2.2521488232784646,3.5521631240844727,15.616612434387207,0.9926962171494313
10,35.95605420836935,1.6509624700922507,4.845658302307129,16.499656677246094,0.994930395887422
10,38.72204505135616,2.417778433642153,3.3088226318359375,8.727218627929688,0.9923117786063496
10,37.394656507368204,2.9094016667152225,2.749706268310547,11.847172737121582,0.9945986960848232
10,35.89368240147585,1.5024053220122606,5.324794769287109,16.738330841064453,0.9950864270585275
10,37.38095144467089,2.4797560390157845,3.226123809814453,11.884617805480957,0.9949498217231474
10,35.848184207106655,1.8640903729421605,4.291637420654297,16.914609909057617,0.9941884438173819
10,38.86261257740213,2.6071949386539295,3.068431854248047,8.449268341064453,0.9944189330731016
10,35.104357573354214,1.033432221314333,7.741194666666667,20.074504852294922,0.9926661867568833
10,39.13428348917227,2.428653486260631,3.29400634765625,7.936920166015625,0.9972569305152628
10,39.382731994339444,3.2295725476970367,2.4771080017089844,7.495613098144531,0.9926892492545646
10,37.42625603522735,2.7601532254402663,2.8983898162841797,11.761282920837402,0.9942489992628095
10,39.90318410763904,3.5543021395449736,2.25079345703125,6.649085998535156,0.9944046711408498
10,35.61804170744085,1.3203885451216533,6.0588226318359375,17.835126876831055,0.9946051243713053
10,44.203966077662656,4.152578887340008,1.926513671875,2.4699249267578125,0.9954427791249514
10,36.4074639952147,2.2641188808376524,3.533383369445801,14.870787620544434,0.9932477014434788
10,35.85932851209932,2.0961495164937367,3.816521644592285,16.871259689331055,0.9923039456552972
10,38.723246851723076,2.422305308472141,3.3026390075683594,8.724803924560547,0.9958451062072771
10,35.9558376704113,1.4341589578516392,5.578182220458984,16.50048065185547,0.9946392207101322
10,38.175218088493125,5.18550241576951,1.5427627563476562,9.898253440856934,0.9922379736049739
10,35.94295079312658,1.3544851069106674,5.906303405761719,16.54951286315918,0.9949746402657685
10,36.882623681195234,2.882789160976022,2.775090217590332,13.32962703704834,0.9921568399080353
10,36.50170903190538,2.283688221291535,3.5031051635742188,14.551556587219238,0.991014136218178
10,38.98565763892349,2.1553707184767763,3.711658477783203,8.213241577148438,0.9953677482597307
10,38.69637420892453,2.4984149260239246,3.2020301818847656,8.77895736694336,0.9937866262922495
10,36.371249562487534,2.1083277181519944,3.7944765090942383,14.995308876037598,0.9942461045907595
10,39.63157919789484,2.499549470091012,3.2005767822265625,7.078193664550781,0.9964212536386502
10,39.17134317556133,2.9890352971358936,2.6764488220214844,7.869480133056641,0.9922431086048298
10,36.01056473984323,1.8115784036114917,4.416038513183594,16.29385757446289,0.9952988713736582
10,36.60288109325712,2.8696376506938046,2.787808418273926,14.216485023498535,0.9902281112437472
10,37.42374231400572,3.0277137725726626,2.6422576904296875,11.768094062805176,0.9953584055570468
10,37.34873143435831,2.725449985054648,2.9352951049804688,11.97311782836914,0.9951573038826645
10,36.46557927996872,2.561895151931238,3.1226882934570312,14.673120498657227,0.9936094131900146
10,38.67530278154269,2.3610228668812296,3.388361930847168,8.8216552734375,0.9959818976354156
10,50.020254616674464,65.62418249522796,0.12190628051757812,0.6472244262695312,0.9921674103992231
10,38.97916135133072,2.873271469536898,2.784282684326172,8.225536346435547,0.9920883430845413
10,37.210206781087585,2.74842046081524,2.9107627868652344,12.361172676086426,0.995589708067617
10,35.20114586663557,1.110383263601871,7.204719543457031,19.632057189941406,0.9928352864625751
10,37.42975798965899,4.008231856635346,1.9958925247192383,11.751803398132324,0.9933465987700072
20,35.07465571638397,6.116499644177934,1.3079376220703125,20.212257385253906,0.9904024641085619
20,33.15368419603115,3.770940509049062,2.1214866638183594,31.456613540649414,0.9907883170451295
20,34.11189020080859,4.4690047861980196,1.7901077270507812,25.228496551513672,0.9918443901181074
20,37.50341943943631,10.409975379239139,0.76849365234375,11.55416202545166,0.9930319292435967
20,32.976960746669796,3.475558501823003,2.301788330078125,32.76304626464844,0.9925627691488121
20,35.12894536236509,8.207485216247843,0.9747200012207031,19.961164474487305,0.9934569176934643
20,33.021626657511774,3.532890392312772,2.264434814453125,32.42781066894531,0.9919457430519287
20,32.435117492597115,2.781025682508656,2.876636505126953,37.116634368896484,0.9966976257992652
20,32.77671872990967,3.4765336481934983,2.301142692565918,34.309043884277344,0.9897081268697311
20,34.89128942408852,6.1315931045774565,1.304718017578125,21.08392333984375,0.9915196580057506
20,35.22980675729049,6.540335382302767,1.2231788635253906,19.50292205810547,0.995913949381297
20,32.17974468866995,3.050113425598516,2.6228532791137695,39.3646125793457,0.9924021201029112
20,33.65708490121575,3.7632399201109688,2.1258277893066406,28.013790130615234,0.9890832231733144
20,35.06601626769251,8.940676918354557,0.8947868347167969,20.25249671936035,0.9870680227601728
20,35.468284037060144,8.033710792050382,0.9958038330078125,18.460861206054688,0.9900339399896054
20,35.19907596906062,6.981965395665968,1.1458091735839844,19.641414642333984,0.9919347416429534
20,36.30931632720677,8.184870210714886,0.9774131774902344,15.210685729980469,0.9925083738965053
20,33.277732619104725,3.694445521007663,2.1654129028320312,30.57082176208496,0.995521569616173
20,37.996436310072454,3.7371729987882243,2.140655517578125,10.314228057861328,0.9914138673970068
20,34.26970928684567,6.253845373921238,1.2792129516601562,24.32817268371582,0.9946319761730751
20,37.64366124841145,11.964855428010681,0.6686248779296875,11.187016487121582,0.9908162306681959
20,35.60578126121649,5.14396161808424,1.5552215576171875,17.885547637939453,0.9918387330929583
20,35.77384384417625,5.554486704100011,1.440277099609375,17.206636428833008,0.9930493505466891
20,33.52302551003759,2.69734323873809,2.96588134765625,28.892013549804688,0.9968381105412196
20,35.0752021600343,12.204096834264432,0.655517578125,20.209718704223633,0.9926339401408573
20,35.00651413629857,6.838910810370129,1.1697769165039062,20.531890869140625,0.9909307102218045
20,33.42420757289191,4.027825899905121,1.9861831665039062,29.556941986083984,0.9904497876119649
20,36.583498147009,7.71999469910032,1.0362701416015625,14.28007698059082,0.993445015602108
20,32.95302419708338,2.803049582446723,2.854034423828125,32.944122314453125,0.9942515831632291
20,33.42278606036346,5.45705934739914,1.4659910202026367,29.566631317138672,0.9892444664799643
20,33.71618717893344,4.296918715853293,1.8617992401123047,27.635135650634766,0.9913063427470229
20,37.59011840543269,7.116999470590631,1.1240692138671875,11.325790405273438,0.9947931358833639
20,38.680707254946945,15.713005559468328,0.5091323852539062,8.810684204101562,0.9921051265807743
20,32.801973275259506,3.253860284990815,2.4586181640625,34.110103607177734,0.9940016091730087
20,39.23276166844814,12.305785705903062,0.6501007080078125,7.75897216796875,0.9924775606472735
20,35.529107647394376,6.292670485403683,1.2713203430175781,18.204118728637695,0.9935833603015756
20,33.65967240304786,3.795942599805963,2.107513427734375,27.99710464477539,0.9892889818550941
20,34.26039704926616,5.076924846017765,1.5757570266723633,24.380388259887695,0.9933020579327878
20,33.56092625722733,4.953917965095953,1.6148834228515625,28.640968322753906,0.9925333482390857
20,32.42126106399131,2.7888512547591215,2.8685646057128906,37.23524856567383,0.9963642908233308
20,33.973679883292924,4.468071688497626,1.7904815673828125,26.044281005859375,0.9893907811672839
20,35.305902871120495,5.959816074706862,1.3423233032226562,19.164175033569336,0.9939767469609404
20,32.069291792784405,2.4535210213020853,3.2606201171875,40.37858963012695,0.9935792535902872
20,34.4259546624014,4.367574412075874,1.8316802978515625,23.468477249145508,0.9942331284017791
20,32.77478721012511,3.6049675155288576,2.2191600799560547,34.32429504394531,0.9933328517888923
20,34.12058646848167,4.69548084328933,1.703765869140625,25.178028106689453,0.9887233432194114
20,31.126382798136696,1.8239671718335153,4.386043851851852,50.16975784301758,0.9966674807282629
20,34.324893482652385,3.896748299825337,2.0529937744140625,24.02099609375,0.9953324186842476
20,35.21709193072512,6.200464188040505,1.2902259826660156,19.560104370117188,0.9915305517697539
20,34.59721068471184,5.205833983911987,1.5367374420166016,22.56104850769043,0.9903086383108826
20,35.983449797322805,6.211060038857035,1.28802490234375,16.395904541015625,0.9937692702344691
20,31.76895682102868,2.1711963076808396,3.6846046447753906,43.269779205322266,0.9956792841496531
20,39.49232031490134,5.620763961105095,1.4232940673828125,7.308837890625,0.9962046195101528
20,33.60747566665986,4.879117402087376,1.6396408081054688,28.335628509521484,0.9931076803175407
20,33.20484655401151,4.629065866148684,1.72821044921875,31.08820915222168,0.9917419664376362
20,33.6813908281237,4.05470849590305,1.9730148315429688,27.857444763183594,0.9886810870300717
20,32.238092294947116,2.507472251814707,3.1904640197753906,38.83927536010742,0.9933184793745565
20,36.358711393162025,11.087448089179551,0.7215366363525391,15.038665771484375,0.9905727909284237
20,32.09797049790271,2.344921047747049,3.4116287231445312,40.112831115722656,0.9924619535711113
20,34.48080171161647,6.902942836782086,1.158926010131836,23.173954010009766,0.9928343872315484
20,34.32090633075779,5.186451408673631,1.54248046875,24.043058395385742,0.9932022075171164
20,33.72793191207633,3.150731361401906,2.539093017578125,27.560504913330078,0.9943120729050308
20,33.95464108842515,4.471241521753615,1.7892122268676758,26.158708572387695,0.9923218565521568
20,33.338673935975194,3.9620580615755925,2.0191526412963867,30.144832611083984,0.9929329052689275
20,34.761019234756034,3.7539976192394096,2.131061553955078,21.725933074951172,0.9964425862695139
20,34.99295291733907,5.716647130979965,1.3994216918945312,20.59610366821289,0.9943240470341694
20,32.80480742745488,3.35139873201021,2.3870630264282227,34.08784484863281,0.9909552666869454
20,34.52801821671372,7.055428366687469,1.1338787078857422,22.923376083374023,0.9926342291688262
20,35.27878122535991,6.089220798829282,1.3137969970703125,19.284225463867188,0.9943620479186426
20,34.3551055883411,4.999393894244379,1.600193977355957,23.85447883605957,0.9896134241388477
20,34.232242844863705,5.944038819101174,1.34588623046875,24.53896141052246,0.9954747312195008
20,33.62450014236296,3.922390184074324,2.0395727157592773,28.224769592285156,0.9920608015963034
20,45.68590630110513,83.38576540755467,0.09593963623046875,1.755859375,0.9915834466835329
20,34.52911105410255,5.644105338231534,1.4174079895019531,22.917606353759766,0.989456390332379
20,34.17719081417063,4.7340201717397,1.6898956298828125,24.851999282836914,0.9923003017696672
20,31.498598455215685,2.1349426193043057,3.747173309326172,46.04903030395508,0.9943376737623362
20,35.80549141526987,9.816266110592327,0.8149738311767578,17.081703186035156,0.9918735071742697
40,31.960558725553206,13.94218434991881,0.5737981796264648,41.40230178833008,0.9901614975222851
40,30.02436628232339,9.182207861011502,0.8712501525878906,64.66120147705078,0.9911940656838192
40,30.667144782233066,9.267336883271835,0.8632469177246094,55.76552963256836,0.9899776710278809
40,34.75600809461346,19.990391581194952,0.4001922607421875,21.751014709472656,0.9931969055973282
40,29.715344142932185,7.75964242370423,1.030975341796875,69.42980194091797,0.9918751390497926
40,33.16556117605666,19.983153240714273,0.40033721923828125,31.370702743530273,0.9915878957966875
40,29.697051564284838,7.618312776822682,1.0501012802124023,69.72283935546875,0.9899409186912129
40,28.294362035255368,4.6125771044045045,1.7343883514404297,96.30397033691406,0.9874265062594733
40,29.40811495405301,7.559231768099434,1.0583086013793945,74.51931762695312,0.9876475625491801
40,32.39916675139685,13.952364478271283,0.5733795166015625,37.4251594543457,0.9902713571943098
40,32.13300915793396,13.33890087663365,0.5997495651245117,39.79051208496094,0.9949890268879129
40,29.30104168567158,7.744605342725649,1.0329771041870117,76.37939453125,0.9928916429302147
40,29.782082695503398,8.746260066645258,0.9146766662597656,68.37103271484375,0.9907938396380902
40,33.01484328806845,35.43578890451871,0.22576045989990234,32.47850799560547,0.9910297625346769
40,32.7690383076023,23.646667493544715,0.3383140563964844,34.3697624206543,0.9884132193985214
40,32.22522235232048,17.636464553023295,0.45360565185546875,38.95454406738281,0.9914327746471667
40,34.170246323326644,15.8499316015811,0.5047340393066406,24.891765594482422,0.9925098253305071
40,30.077867001419186,7.415226100269786,1.0788612365722656,63.86952209472656,0.9946922423495265
40,32.39001691961317,4.65521703903484,1.7185020446777344,37.504093170166016,0.9915560345822483
40,31.943506068587936,14.40648485264821,0.5553054809570312,41.565181732177734,0.9933444078000715
40,34.1126076353843,23.977316381597,0.333648681640625,25.224328994750977,0.9908057490782646
40,32.72643060759282,9.041162979185708,0.8848419189453125,34.7086181640625,0.9908476109840092
40,32.751447730786396,10.596600440608768,0.7549591064453125,34.509254455566406,0.9916596799751707
40,28.89326251179357,4.621639251776238,1.730987548828125,83.89848327636719,0.9939007224104595
40,33.79329243136846,36.10954328268262,0.22154808044433594,27.148834228515625,0.9910817559753831
40,32.03577458449285,17.90845743954092,0.44671630859375,40.69142532348633,0.9915018190024457
40,30.16039495172408,8.945739724288995,0.8942804336547852,62.66728210449219,0.9902136035697771
40,33.14752964765602,14.05861689861368,0.5690460205078125,31.501222610473633,0.9923902283133652
40,29.39155700388263,5.416254300147729,1.4770355224609375,74.80397033691406,0.9928563171288404
40,31.60817389760456,20.411380685537146,0.3919382095336914,44.901729583740234,0.9927387300817714
40,30.529606128640218,8.84585931378907,0.9043779373168945,57.55984878540039,0.9895070313189684
40,33.71393709541507,11.463605553733464,0.6978607177734375,27.649459838867188,0.9903313363134056
40,35.97862562271477,31.89390759497521,0.25083160400390625,16.414127349853516,0.9908989299665845
40,30.147792625382476,7.39238114709314,1.0821952819824219,62.84939193725586,0.9935503953348475
40,35.940825233936174,21.309921554282,0.3754119873046875,16.5576171875,0.9904278262908457
40,32.69176119937463,11.432047752732426,0.6997871398925781,34.98680877685547,0.99073571905523
40,29.812952745180166,8.78454501281772,0.9106903076171875,67.88676452636719,0.991768455395938
40,30.689041459718105,9.49078200502563,0.8429231643676758,55.48507308959961,0.9880930573634099
40,30.90871210804568,11.5225599437375,0.6942901611328125,52.748374938964844,0.991916274862839
40,28.32477192092926,4.684012860558534,1.707937240600586,95.6319808959961,0.9873114603155735
40,30.939041992418737,12.407715063306117,0.6447601318359375,52.38128662109375,0.9907841862736511
40,32.48918746218254,12.243926646855169,0.6533851623535156,36.65739440917969,0.9930863121040494
40,28.15692991865555,4.631652410515319,1.7272453308105469,99.40021514892578,0.9901137080642484
40,30.90221454168553,8.338443921369043,0.95941162109375,52.827362060546875,0.9938510882974538
40,29.6543114974584,7.706080454173825,1.0381412506103516,70.41240692138672,0.992746368748811
40,30.50927498587037,11.171762048593909,0.7160911560058594,57.8299560546875,0.9895311746264464
40,27.01892906159553,3.2752630541674326,2.442551901234568,129.17764282226562,0.9904416564836327
40,30.009689762832462,7.217025025465958,1.108489990234375,64.88008117675781,0.9928986487752555
40,31.87291057327856,14.621330116920332,0.5471458435058594,42.246360778808594,0.9912322305100076
40,31.371733842781524,11.72579179701369,0.6822566986083984,47.414039611816406,0.9905451431791217
40,32.160800141260786,11.309486445238981,0.7073707580566406,39.53669357299805,0.9922986917095675
40,27.661571905669994,3.7054250416984704,2.15899658203125,111.40974426269531,0.9914116452279403
40,33.99325760121762,7.92191230243873,1.009857177734375,25.927139282226562,0.994031295357563
40,30.96516623995882,11.796332545843176,0.6781768798828125,52.067138671875,0.9920396477172718
40,30.692347145366607,11.06756822724604,0.7228326797485352,55.442867279052734,0.9912289615194336
40,30.068085790589425,10.264860208317018,0.77935791015625,64.01353454589844,0.9909419698070661
40,28.412753668313382,5.047187906880477,1.5850410461425781,93.714111328125,0.990883134602424
40,33.97100634675698,29.24602463488699,0.2735414505004883,26.060327529907227,0.9898229908817238
40,28.128771358000428,4.686488382954665,1.7070350646972656,100.04680633544922,0.9878405601400987
40,31.90569314183001,17.401729259671075,0.45972442626953125,41.92866516113281,0.98986093532396
40,32.3443927484996,11.076702054613637,0.7222366333007812,37.90016174316406,0.9928803344978472
40,29.035034764531446,5.431319634726848,1.4729385375976562,81.20390319824219,0.9898759146787446
40,30.52453890717734,9.848523591656365,0.8123044967651367,57.62706756591797,0.9924641346765827
40,29.874178359101556,7.666472307470156,1.0435047149658203,66.93641662597656,0.9895988506463355
40,30.320379255419063,6.387738380610949,1.2523994445800781,60.40076446533203,0.9950090542878556
40,31.679678327991077,11.392240583205675,0.7022323608398438,44.168487548828125,0.9929732613195269
40,29.48382326458087,7.364836770242175,1.08624267578125,73.23149108886719,0.9900658551131982
40,32.312725771699164,18.04913881208783,0.4432344436645508,38.177528381347656,0.9896311932677107
40,32.65767547727682,11.735601566871852,0.6816864013671875,35.26247787475586,0.9915554077781368
40,31.143317095837574,11.476999778357271,0.6970462799072266,49.97452926635742,0.9899593882852668
40,31.98685415306158,13.278240333293233,0.6024894714355469,41.15237808227539,0.9945026494687419
40,29.91532124319541,8.824131851671078,0.9066047668457031,66.30528259277344,0.992897021122662
40,41.72405349005025,109.30636922756176,0.07318878173828125,4.3719482421875,0.9909055907849318
40,31.414112715953614,15.522960769800148,0.5153656005859375,46.95362091064453,0.9898587012575066
40,30.359325655679598,9.06349388139655,0.8826618194580078,59.86153793334961,0.9871801962155631
40,27.783299127925755,4.244774367226321,1.8846702575683594,108.3304214477539,0.9918114531100426
40,33.34399299609806,22.17331359695496,0.3607940673828125,30.107942581176758,0.9898154287770351
80,29.596864955806403,44.83752652480905,0.1784219741821289,71.3499984741211,0.9900287336645919
80,26.885964844596906,24.173269552187193,0.3309440612792969,133.1937713623047,0.987620127913753
80,28.052075853976696,27.92219100749597,0.2865104675292969,101.82931518554688,0.9882444279551179
80,31.470748450137293,42.58003735888898,0.1878814697265625,46.34528350830078,0.9902348725863207
80,27.042793700293956,20.539975122672647,0.3894844055175781,128.4697723388672,0.9897894840527461
80,29.63727378010458,47.222517451024544,0.16941070556640625,70.68917083740234,0.9891809134525866
80,26.973922265731343,21.220972532115013,0.3769855499267578,130.52333068847656,0.9907041336663273
80,24.634969852174237,10.80496569916766,0.7404003143310547,223.65744018554688,0.988283187278415
80,26.75531348177587,23.639137577812157,0.3384218215942383,137.2616424560547,0.9883185078075505
80,29.20400105081459,28.281799546876687,0.282867431640625,78.10526275634766,0.9902026917336986
80,29.093896810657984,27.641841996869594,0.2894163131713867,80.1107406616211,0.9914416102040531
80,26.62555297861872,18.167699011547825,0.4403419494628906,141.4246063232422,0.990978024863179
80,27.061149271367313,25.440993788819874,0.314453125,127.92794036865234,0.9893024556800432
80,31.526680879766502,138.4715747771542,0.057773590087890625,45.752220153808594,0.9943329549681021
80,30.61318719799594,74.25386821513295,0.10773849487304688,56.46269989013672,0.9888106569189086
80,29.755157672737944,45.670680981728694,0.17516708374023438,68.79621887207031,0.9864612160611319
80,31.41871647218509,31.069378805611937,0.2574882507324219,46.90387725830078,0.9912064697729824
80,26.830750013214782,16.316566689229667,0.4902992248535156,134.89794921875,0.9940071194770282
80,30.748729276518958,6.332535155554079,1.2633171081542969,54.72772979736328,0.9914386467458128
80,28.64155509954946,33.75806062166991,0.23698043823242188,88.90473937988281,0.9888401301067842
80,31.32930889514794,52.2563540316954,0.1530914306640625,47.879486083984375,0.9881715982991285
80,29.384544282454836,19.211021948627753,0.4164276123046875,74.92486572265625,0.9906181098918396
80,29.700755924178104,22.361511558474792,0.357757568359375,69.66341400146484,0.9905827075016649
80,25.03818527243625,9.994052611513535,0.80047607421875,203.82705688476562,0.991916986214183
80,32.36618328512413,85.52909389369793,0.0935354232788086,37.710472106933594,0.9898141490062609
80,29.613615998018492,49.99170441001192,0.16002655029296875,71.0753173828125,0.9864143245764889
80,27.499751633240702,28.7079550315703,0.2786684036254883,115.63924407958984,0.9890237485164757
80,30.02688236406823,29.696290002832058,0.2693939208984375,64.62374114990234,0.9906205743403524
80,26.12036742991031,11.783871257754203,0.67889404296875,158.87063598632812,0.9914467492816756
80,29.11825212199682,49.93902736684189,0.16019535064697266,79.66272735595703,0.989473538210317
80,27.609792844403216,25.722221370464517,0.31101512908935547,112.74598693847656,0.9903771829808601
80,29.493424796698008,19.653921127605336,0.40704345703125,73.06979370117188,0.9888922525267978
80,32.645338492541576,74.28806234502302,0.10768890380859375,35.362789154052734,0.9896465946402693
80,27.301334284096757,16.097761675212624,0.4969635009765625,121.04501342773438,0.9913811818624353
80,32.36486527103975,40.17840447543873,0.1991119384765625,37.721923828125,0.9928397540758556
80,29.458543150933608,22.671913513513513,0.3528594970703125,73.6590347290039,0.9899306683413678
80,27.11132728124373,25.394168361910296,0.315032958984375,126.4583969116211,0.9886884298055761
80,27.575267522467676,30.117863323352218,0.2656230926513672,113.64586639404297,0.9883569131021736
80,27.991290620308664,28.326207271487085,0.2824239730834961,103.26453399658203,0.9908252512841282
80,24.78284103668892,11.18108363878707,0.7154941558837891,216.17041015625,0.9884704517188992
80,28.832955556350477,36.6097339571259,0.2185211181640625,85.07164001464844,0.9891396372507861
80,29.631067676280637,31.578383099185377,0.2533378601074219,70.79026794433594,0.9903037221439834
80,24.904495758629896,11.910154985489633,0.6716957092285156,210.1990509033203,0.9905563299247635
80,27.721323759258635,18.342811660879377,0.4361381530761719,109.88741302490234,0.9936359091602267
80,26.581942444606508,18.600388921286676,0.4300985336303711,142.8519287109375,0.9917875477923133
80,27.800765675593453,32.94300973923971,0.2428436279296875,107.89561462402344,0.9850918396820907
80,23.30473667483013,7.147566721211719,1.119262024691358,303.8132019042969,0.9858111961874549
80,26.596704087961115,15.82278557416629,0.5055999755859375,142.36720275878906,0.9913683199452838
80,29.203146118186574,39.08003652423457,0.20470809936523438,78.12063598632812,0.9863769257055343
80,28.762684506118173,35.965100774728505,0.22243785858154297,86.45934295654297,0.9884621778603244
80,28.74964638925427,23.883109931783757,0.3349647521972656,86.71926879882812,0.9905016312420871
80,23.841278448818557,7.59205010317489,1.0537338256835938,268.5050964355469,0.9884013047501872
80,29.58615304792067,11.83040368255974,0.6762237548828125,71.52618408203125,0.9899263647015957
80,28.35286460089185,33.3739457016455,0.23970794677734375,95.01539611816406,0.9898079725987086
80,28.321973936770345,30.083732005938845,0.26592445373535156,95.69364166259766,0.9897806597114729
80,27.579501739910683,31.746650721324876,0.2519950866699219,113.53512573242188,0.9900254106692394
80,25.221505364485992,12.461240448263158,0.6419906616210938,195.40234375,0.9913299069053612
80,30.240746967751626,90.16906010834981,0.08872222900390625,61.518489837646484,0.989880561667341
80,25.215957485142646,13.947910292904838,0.5735626220703125,195.65211486816406,0.9880841157464435
80,28.605550069579472,47.724370206858886,0.16762924194335938,89.64482879638672,0.9882972420599556
80,29.58318625394032,21.970519522697035,0.3641242980957031,71.57506561279297,0.9914578402692031
80,25.330307480845992,12.703083166757526,0.6297683715820312,190.56784057617188,0.9901310778470676
80,27.551569539527023,24.999874830872667,0.32000160217285156,114.26768493652344,0.9906257405100702
80,26.78550639768469,21.24010107813299,0.3766460418701172,136.3106231689453,0.9892218504039673
80,26.375874617461932,12.867147283492345,0.6217384338378906,149.79347229003906,0.9927757861343502
80,28.433138705101364,23.408065542297777,0.3417625427246094,93.27523803710938,0.9903382638530969
80,26.808404982744875,21.641542144803104,0.369659423828125,135.59385681152344,0.9893037176945632
80,29.941592349778862,46.86032857948864,0.17072010040283203,65.9054183959961,0.9878679237765768
80,29.80240223758458,24.2020034159627,0.3305511474609375,68.0518798828125,0.9909118384345662
80,28.543929720215345,37.49115303308618,0.21338367462158203,90.92586517333984,0.9890527710470377
80,29.209097943193076,27.02236882795588,0.296051025390625,78.0136489868164,0.9930931462633232
80,27.14088642680061,22.3015866263984,0.3587188720703125,125.60057830810547,0.9913485711626289
80,36.74167701992592,161.72992982185548,0.049465179443359375,13.769325256347656,0.9926815008256347
80,29.17988615122431,50.475401944738614,0.1584930419921875,78.5401611328125,0.9908045425495522
80,27.68767844161356,31.76372049346066,0.2518596649169922,110.74202728271484,0.9891261822883608
80,24.25019122234795,9.176622967461887,0.8717803955078125,244.3774871826172,0.9872079022178664
80,29.735471180773484,68.04075011355525,0.11757659912109375,69.10877990722656,0.9907422251586726
120,28.34326613718494,94.98186100228719,0.08422660827636719,95.22559356689453,0.9885464818094549
120,25.15677080927329,43.453483071567696,0.18410491943359375,198.33677673339844,0.990076993159777
120,26.75495384725028,60.03011306712466,0.13326644897460938,137.27296447753906,0.9877884191243695
120,27.65786797938949,59.214818161283034,0.135101318359375,111.50479125976562,0.9894787808583638
120,25.23861224107933,35.770485092447295,0.2236480712890625,194.6342010498047,0.9902626212817589
120,29.21203964885924,83.62850420704231,0.09566116333007812,77.9608154296875,0.985388470581983
120,25.584734476175775,40.446713822149576,0.19779109954833984,179.724365234375,0.9897370173660858
120,23.086973529195227,23.294571103274,0.3434276580810547,319.4352722167969,0.9892511164285038
120,25.946373568647118,58.6644660927458,0.1363687515258789,165.36476135253906,0.9871414731073024
120,27.367144905783828,39.64970127807608,0.2017669677734375,119.22459411621094,0.9883105036156252
120,27.368770898738,45.100285485405834,0.1773824691772461,119.17998504638672,0.9898448606667212
120,24.79772507473664,32.15331897245625,0.2488079071044922,215.430908203125,0.9917869145343223
120,25.75462999684497,49.29371944339977,0.16229248046875,172.82928466796875,0.9879457117196369
120,30.863089841748,303.5611203589781,0.026353836059570312,53.3054084777832,0.9945793687126527
120,29.39108075422826,143.7488518747001,0.055652618408203125,74.81217193603516,0.9898208571339496
120,28.360781767446905,83.70527660253852,0.09557342529296875,94.84231567382812,0.9866900499451916
120,28.666853733416765,46.318263135808465,0.17271804809570312,88.38834381103516,0.9879283436397435
120,25.023098977710138,27.203590561803583,0.2940788269042969,204.5363311767578,0.9924978882659858
120,22.726940224304343,8.259202810367167,0.9686164855957031,347.04547119140625,0.9920613516671322
120,26.14893849437085,54.008550090136495,0.14812469482421875,157.82887268066406,0.9917765029719641
120,29.938409590829465,88.8473140145738,0.0900421142578125,65.9537353515625,0.9890234443334744
120,27.56624476688443,29.91316254920979,0.2674407958984375,113.88220977783203,0.9904067324803341
120,27.97850052051139,36.018686452322065,0.22210693359375,103.56913757324219,0.9895482841261504
120,23.246631046852215,16.57618008789402,0.4826202392578125,307.9053955078125,0.9893912356848686
120,28.078414293940508,122.88300007324398,0.06510257720947266,101.21363067626953,0.9945811332323109
120,28.288767486348444,92.77381110373811,0.08623123168945312,96.42809295654297,0.988397668920463
120,26.469940784929214,65.2708372237784,0.12256622314453125,146.58389282226562,0.9912802714122434
120,26.797883797504696,42.694462540716614,0.1873779296875,135.9226837158203,0.9899191421813409
120,24.249699971372426,19.790427298807188,0.40423583984375,244.4051513671875,0.9892234718574893
120,28.31411905833429,84.42810845628938,0.09475517272949219,95.86685180664062,0.9903552789331599
120,26.214477154377292,51.670216632070414,0.15482807159423828,155.46499633789062,0.9918285487006802
120,26.986121258590863,31.596938468028686,0.2531890869140625,130.15721130371094,0.9863492334768305
120,30.92540466826875,135.8259067357513,0.05889892578125,52.54602813720703,0.9901957329537461
120,25.586022638665213,24.91241491547974,0.3211250305175781,179.67108154296875,0.9891125065195123
120,29.81667422624314,61.449601500234415,0.13018798828125,67.82861328125,0.9924866009489121
120,27.420374423082897,33.55496887950207,0.23841476440429688,117.77224731445312,0.9870701871052701
120,25.85016288125551,48.16056952577793,0.16611099243164062,169.0690460205078,0.9879810344951702
120,26.42206697273668,72.14517432960078,0.11088752746582031,148.2086944580078,0.9903924169952669
120,26.794657660797405,56.24012282360198,0.14224720001220703,136.02371215820312,0.9896153070922652
120,23.222514100315404,23.755350088495575,0.33676624298095703,309.6199951171875,0.9891976873067516
120,27.653640100071716,66.91614550095724,0.1195526123046875,111.6134033203125,0.9865296955213382
120,26.600974803135948,53.376228047849324,0.14987945556640625,142.22726440429688,0.98882478799367
120,23.591758326254304,23.480400828528243,0.3407096862792969,284.3835754394531,0.9896978563946435
120,25.864637103423277,29.532776612074187,0.2708854675292969,168.50650024414062,0.9934004835910959
120,25.19687935615803,33.69730858841488,0.23740768432617188,196.5135040283203,0.9913277153586979
120,26.47530170117067,66.17082636544347,0.12089920043945312,146.40306091308594,0.9858279926196839
120,21.709324897350122,14.4535126853663,0.5534986666666667,438.67987060546875,0.9878608181815045
120,24.73143447500892,26.565058775841102,0.3011474609375,218.744384765625,0.9896782860627023
120,27.730184024194063,74.0310646709969,0.108062744140625,109.6634521484375,0.9912993966878724
120,27.61455459482283,74.47338843562177,0.1074209213256836,112.62242126464844,0.988051150266908
120,26.8600584164168,37.43376827374471,0.21371078491210938,133.99066162109375,0.9886990037968719
120,21.81890838137675,14.098406061135723,0.5674400329589844,427.7494812011719,0.988646789621107
120,26.524135379156036,15.25334574653788,0.52447509765625,144.76608276367188,0.9873783398578485
120,26.852319876402714,66.4028686999818,0.12047672271728516,134.22958374023438,0.988839777847276
120,25.962077344350863,56.611696743106265,0.1413135528564453,164.7678985595703,0.9920536808870122
120,26.376380416479325,61.82459243536452,0.12939834594726562,149.77606201171875,0.9876784352730248
120,23.757554412403703,22.755802471815016,0.3515586853027344,273.7315673828125,0.9903252962621182
120,29.64979085191927,167.44396981915446,0.04777717590332031,70.48573303222656,0.9912882601266977
120,23.859789950052317,28.027423989308385,0.2854347229003906,267.3630065917969,0.9898278984890587
120,26.855867910883546,85.57271827724449,0.09348773956298828,134.11997985839844,0.991425756932419
120,27.730668839360284,32.67966278653016,0.24480056762695312,109.65122985839844,0.9910743875707069
120,23.66371723443411,24.562567345982664,0.3256988525390625,279.7104797363281,0.9887556044287543
120,26.040457947758775,48.12989769982386,0.16621685028076172,161.82080078125,0.989328323975976
120,25.673459403074297,50.71096602587353,0.15775680541992188,176.08990478515625,0.9912233487583575
120,24.35509483652755,21.076057243929892,0.37957763671875,238.5452880859375,0.9910760598382222
120,26.613438503480328,38.14251936997563,0.20973968505859375,141.81968688964844,0.9901671550975961
120,25.354233858604825,43.06112203360249,0.18578243255615234,189.52085876464844,0.9875156501962756
120,28.345093709237066,92.7420150136538,0.08626079559326172,95.18556213378906,0.9950836985485845
120,28.03825849226307,38.00840945338553,0.210479736328125,102.15379333496094,0.9891707573821367
120,27.63410013270108,83.6268368059017,0.09566307067871094,112.11671447753906,0.9886211085821961
120,26.950531567551607,39.35062108304875,0.20330047607421875,131.2282257080078,0.9903160995367254
120,25.694333900786788,38.0933282473253,0.21001052856445312,175.24551391601562,0.988381476948974
120,34.059805109727286,218.77237638222408,0.03656768798828125,25.532882690429688,0.9916558350261142
120,27.994053640124022,98.10319502268794,0.08154678344726562,103.19889831542969,0.9925746815110175
120,26.61868786070906,81.63459779287257,0.09799766540527344,141.64834594726562,0.9891374173169333
120,22.418741020076055,16.29615354728417,0.49091339111328125,372.5685729980469,0.9866469399239002
120,29.113121181878196,129.0872830235135,0.06197357177734375,79.75692749023438,0.9880342456984779
160,26.418671822961354,144.82093778054002,0.055240631103515625,148.32460021972656,0.9910593787006524
160,24.85215020363965,74.07551834975804,0.10799789428710938,212.74794006347656,0.9915619660483183
160,25.287004476823984,90.91568040924264,0.08799362182617188,192.47747802734375,0.9899244041279934
160,26.999728104461123,80.70935960591133,0.09912109375,129.7500457763672,0.989840893305465
160,23.819582292531575,54.47148051948052,0.1468658447265625,269.8498229980469,0.9912746885196779
160,27.56749264667669,113.19436498083877,0.07067489624023438,113.84950256347656,0.9876266881954798
160,24.550990969637127,64.85803089579242,0.12334632873535156,228.0243682861328,0.993493937596955
160,22.021842071877074,42.35173423537133,0.18889427185058594,408.22174072265625,0.989579087979276
160,24.762216534770825,95.28719259385471,0.08395671844482422,217.19944763183594,0.9893634209652882
160,24.42148987609709,60.457564575645755,0.13232421875,234.92616271972656,0.9914716484124446
160,26.16647456585493,64.3322826795506,0.12435436248779297,157.1929168701172,0.9889130051416657
160,23.373600794554804,46.37946801276062,0.17249011993408203,299.0337829589844,0.9918959063312993
160,24.86773039912768,80.70935960591133,0.09912109375,211.98605346679688,0.9902077905813784
160,29.227497035575325,302.16151574094084,0.026475906372070312,77.68383026123047,0.9939055331336064
160,28.23841355366333,218.4760912595062,0.036617279052734375,97.55265045166016,0.9928181196017047
160,27.436961918480726,122.5616270235521,0.06527328491210938,117.32328033447266,0.9923809114128996
160,27.279870241298806,65.71466173659637,0.12173843383789062,121.64473724365234,0.989172197907603
160,23.724418818535057,40.5882056939364,0.19710159301757812,275.8280334472656,0.9909447349346507
160,23.571002384511225,8.440670052886203,0.9477920532226562,285.7459411621094,0.9856230016749536
160,25.712342142794387,75.37476188764691,0.10613632202148438,174.52037048339844,0.9952984446397618
160,29.134732430877463,138.00684390629112,0.0579681396484375,79.36099243164062,0.9891656846453015
160,25.9463794268718,41.88272887042658,0.191009521484375,165.3645477294922,0.9913426283499269
160,26.768003693757827,53.911362467866326,0.1483917236328125,136.861083984375,0.9931199894921401
160,21.990655508806576,24.066467753041085,0.3324127197265625,411.16375732421875,0.9864871536879217
160,26.066395743671276,184.75889258419048,0.04329967498779297,160.85731506347656,0.9934323418675814
160,27.376285101512316,138.69135639177304,0.057682037353515625,118.97395324707031,0.9933841545658721
160,24.583107648537226,101.04078437040785,0.07917594909667969,226.34437561035156,0.9861584037831608
160,25.99606285455003,56.67365690195655,0.1411590576171875,163.48355102539062,0.9904905795511431
160,22.905517672470182,28.231543804857036,0.2833709716796875,333.064697265625,0.9873156802665954
160,26.317217851564347,131.6789576956283,0.060753822326660156,151.83035278320312,0.9911801897279449
160,26.079804735720096,105.65529749609553,0.07571792602539062,160.36138916015625,0.9949122198107927
160,25.63924417118308,47.152441766345895,0.1696624755859375,177.482666015625,0.9848794747482437
160,29.31799154705995,216.04532811373235,0.037029266357421875,76.08186340332031,0.9892595092200507
160,24.324670889446523,34.824842245101294,0.2297210693359375,240.22225952148438,0.9877765345297225
160,28.239543046556264,77.81062629860493,0.102813720703125,97.52726745605469,0.9898583618105807
160,25.91662649980307,49.3053086942211,0.16225433349609375,166.50131225585938,0.9855207843678997
160,24.9617240654312,78.19941830114102,0.10230255126953125,207.4473876953125,0.9931357561439369
160,25.077956880032207,117.83076750196652,0.06789398193359375,201.96897888183594,0.9935632379515267
160,25.237499881301325,94.51100745848261,0.08464622497558594,194.68408203125,0.9878140222603856
160,22.175187369028052,42.48665677341586,0.1882944107055664,394.05938720703125,0.9894637308748921
160,26.755541508166512,101.05782575173477,0.07916259765625,137.25437927246094,0.9871278258082918
160,26.463449075131997,87.12359270491463,0.09182357788085938,146.8031768798828,0.9876507683602394
160,22.310535666967798,38.030465689830265,0.210357666015625,381.9678649902344,0.9894777005921631
160,24.23654010596251,44.061517774602905,0.1815643310546875,245.14686584472656,0.9918576694076701
160,23.66590445120496,52.12970581289849,0.15346336364746094,279.5695495605469,0.990017709108431
160,25.666445082403126,110.80798900982775,0.07219696044921875,176.37452697753906,0.988830727606764
160,20.91180387311274,26.11866904421794,0.3062943209876543,527.108154296875,0.988408998775919
160,23.491991226693973,39.664699651989714,0.201690673828125,290.99212646484375,0.9874057274972746
160,26.71086979340287,115.01327190961939,0.06955718994140625,138.67349243164062,0.9948216021622545
160,25.865102803560717,115.58536686186703,0.0692129135131836,168.48843383789062,0.9899768912000168
160,25.66202271919836,52.570741000701894,0.1521759033203125,176.55419921875,0.9872197837273016
160,20.626374496136318,23.75245775381688,0.3368072509765625,562.9151000976562,0.9873087361385473
160,24.619766120623186,19.16747705918912,0.4173736572265625,224.44180297851562,0.9873215187420881
160,24.71964177176983,101.78002645021172,0.07860088348388672,219.3391571044922,0.9868928973669489
160,25.6958837270682,88.97547730165465,0.08991241455078125,175.1830291748047,0.9945763163012709
160,25.534863288874167,100.56835946866158,0.07954788208007812,181.80006408691406,0.9896321875117546
160,22.907531957311424,37.08819524272703,0.21570205688476562,332.91021728515625,0.9876135087815434
160,29.21823956862381,258.7718789524015,0.030915260314941406,77.84959411621094,0.9931911058298029
160,23.120826841171723,51.75214075956864,0.15458297729492188,316.95501708984375,0.98915272047267
160,27.3958739618891,151.2251086153125,0.052901268005371094,118.4384994506836,0.9934272288182974
160,26.127706480855824,43.535571194287016,0.18375778198242188,158.60238647460938,0.9895713361077371
160,22.675857896237446,40.981611396634946,0.19520950317382812,351.15155029296875,0.9862377976374788
160,25.047148744352743,78.49136825952299,0.10192203521728516,203.4067840576172,0.9870084074861831
160,24.25184587181656,86.78379077394192,0.09218311309814453,244.2845001220703,0.9919921544635172
160,23.07455112283691,31.665639910611826,0.2526397705078125,320.350341796875,0.9890376112834594
160,25.335808125201762,56.29635992698378,0.1421051025390625,190.32662963867188,0.9894198525155369
160,24.212740848665064,70.07792554968924,0.11415863037109375,246.49395751953125,0.9898280453308826
160,26.984841170982023,151.0698746578303,0.05295562744140625,130.19557189941406,0.9922079288481618
160,26.9021162965102,55.62147252280925,0.143829345703125,132.69932556152344,0.9905094499710219
160,25.927273319551066,129.87873908465968,0.061595916748046875,166.09365844726562,0.9893887712112522
160,24.741696084036345,54.21098617035027,0.14757156372070312,218.2281494140625,0.9892301301172002
160,24.62139707749262,55.4255925047407,0.14433765411376953,224.35752868652344,0.986015628285992
160,31.346185912377457,306.4219754529515,0.0261077880859375,47.693782806396484,0.9899722627072174
160,27.186870522105405,154.98869263173452,0.051616668701171875,124.27772521972656,0.9857147878159791
160,25.234661213854736,133.97764006899635,0.059711456298828125,194.8113250732422,0.9916447883497959
160,21.31454684331561,26.303833032309853,0.30413818359375,480.4250183105469,0.9877477653259004
160,28.211590719781235,206.47864720506067,0.03874492645263672,98.1570053100586,0.9917943119619574
